id,title,artist,url,duration,genre,mood,license,cover_art,has_artwork
1,"Sunshine Days","The Brights",https://example.com/track/1,297000,["pop"],["happy","upbeat"],CC-BY,https://images.unsplash.com/photo-1493225457124-a3eb161ffa5f?w=500&h=500&fit=crop,YES
2,"Dancing in the Rain","Joyful Sounds",https://example.com/track/2,215000,["electronic"],["happy","energetic"],CC-BY,https://images.unsplash.com/photo-1516450360452-9312f5e86fc7?w=500&h=500&fit=crop,YES
3,"Summer Vibes","Beach Waves",https://example.com/track/3,291000,["pop"],["happy","chill"],CC-BY,https://images.unsplash.com/photo-1507525428034-b723cf961d3e?w=500&h=500&fit=crop,YES
4,"Midnight Chill","LoFi Dreams",https://example.com/track/4,243000,["lofi"],["chill","relaxed"],CC-BY,https://images.unsplash.com/photo-1519682337058-a94d519337bc?w=500&h=500&fit=crop,YES
5,"Peaceful Moments","Ambient Space",https://example.com/track/5,280000,["ambient"],["relaxed","calm"],CC-BY,https://images.unsplash.com/photo-1518837695005-2083093ee35b?w=500&h=500&fit=crop,YES
6,"Coffee Shop Vibes","Study Beats",https://example.com/track/6,356000,["lofi"],["focus","chill"],CC-BY,https://images.unsplash.com/photo-1517487881594-2787fef5ebf7?w=500&h=500&fit=crop,YES
7,"Power Up","Energy Boost",https://example.com/track/7,207000,["electronic"],["energetic","workout"],CC-BY,https://images.unsplash.com/photo-1571019613454-1cb2f99b2d8b?w=500&h=500&fit=crop,YES
8,"Run Fast","Fitness Beats",https://example.com/track/8,276000,["electronic"],["energetic","workout"],CC-BY,https://images.unsplash.com/photo-1549060279-7e168fcee0c2?w=500&h=500&fit=crop,YES
9,"Electric Storm","Rock Legends",https://example.com/track/9,183000,["rock"],["energetic"],CC-BY,https://images.unsplash.com/photo-1493225457124-a3eb161ffa5f?w=500&h=500&fit=crop,YES
10,"Guitar Dreams","Indie Rockers",https://example.com/track/10,326000,["rock","indie"],["nostalgic"],CC-BY,https://images.unsplash.com/photo-1493225457124-a3eb161ffa5f?w=500&h=500&fit=crop,YES
11,"Digital Pulse","Synth Wave",https://example.com/track/11,315000,["electronic"],["energetic"],CC-BY,https://images.unsplash.com/photo-1516450360452-9312f5e86fc7?w=500&h=500&fit=crop,YES
12,"Neon Nights","EDM Collective",https://example.com/track/12,357000,["electronic","edm"],["energetic","dance"],CC-BY,https://images.unsplash.com/photo-1516450360452-9312f5e86fc7?w=500&h=500&fit=crop,YES
13,"Smooth Jazz","Jazz Quartet",https://example.com/track/13,234000,["jazz"],["chill","relaxed"],CC-BY,https://images.unsplash.com/photo-1493225457124-a3eb161ffa5f?w=500&h=500&fit=crop,YES
14,"Classical Elegance","Symphony Orchestra",https://example.com/track/14,182000,["classical"],["calm","peaceful"],CC-BY,https://images.unsplash.com/photo-1518837695005-2083093ee35b?w=500&h=500&fit=crop,YES
15,"Urban Flow","Hip Hop Masters",https://example.com/track/15,195000,["hip-hop"],["energetic"],CC-BY,https://images.unsplash.com/photo-1516450360452-9312f5e86fc7?w=500&h=500&fit=crop,YES
16,"Street Beats","Rap Collective",https://example.com/track/16,235000,["hip-hop","rap"],["energetic"],CC-BY,https://images.unsplash.com/photo-1516450360452-9312f5e86fc7?w=500&h=500&fit=crop,YES
17,"Acoustic Memories","Folk Stories",https://example.com/track/17,330000,["folk","acoustic"],["nostalgic","calm"],CC-BY,https://images.unsplash.com/photo-1517487881594-2787fef5ebf7?w=500&h=500&fit=crop,YES
18,"Campfire Songs","Acoustic Duo",https://example.com/track/18,323000,["folk"],["chill","relaxed"],CC-BY,https://images.unsplash.com/photo-1517487881594-2787fef5ebf7?w=500&h=500&fit=crop,YES
19,"Melancholy","Emotional Sounds",https://example.com/track/19,230000,["indie"],["sad","emotional"],CC-BY,https://images.unsplash.com/photo-1518837695005-2083093ee35b?w=500&h=500&fit=crop,YES
20,"Rainy Days","Sad Songs",https://example.com/track/20,351000,["acoustic"],["sad","melancholic"],CC-BY,https://images.unsplash.com/photo-1518837695005-2083093ee35b?w=500&h=500&fit=crop,YES
21,"Study Session","Focus Music",https://example.com/track/21,237000,["instrumental"],["focus","study"],CC-BY,https://images.unsplash.com/photo-1517487881594-2787fef5ebf7?w=500&h=500&fit=crop,YES
22,"Concentration","Study Beats",https://example.com/track/22,239000,["lofi"],["focus"],CC-BY,https://images.unsplash.com/photo-1517487881594-2787fef5ebf7?w=500&h=500&fit=crop,YES
23,"Sunshine Days 2","The Brights",https://example.com/track/23,265000,["pop"],["happy","upbeat"],CC-BY,https://images.unsplash.com/photo-1493225457124-a3eb161ffa5f?w=500&h=500&fit=crop,YES
24,"Dancing in the Rain 2","Joyful Sounds",https://example.com/track/24,216000,["electronic"],["happy","energetic"],CC-BY,https://images.unsplash.com/photo-1516450360452-9312f5e86fc7?w=500&h=500&fit=crop,YES
25,"Summer Vibes 2","Beach Waves",https://example.com/track/25,309000,["pop"],["happy","chill"],CC-BY,https://images.unsplash.com/photo-1507525428034-b723cf961d3e?w=500&h=500&fit=crop,YES
26,"Midnight Chill 2","LoFi Dreams",https://example.com/track/26,306000,["lofi"],["chill","relaxed"],CC-BY,https://images.unsplash.com/photo-1519682337058-a94d519337bc?w=500&h=500&fit=crop,YES
27,"Peaceful Moments 2","Ambient Space",https://example.com/track/27,207000,["ambient"],["relaxed","calm"],CC-BY,https://images.unsplash.com/photo-1518837695005-2083093ee35b?w=500&h=500&fit=crop,YES
28,"Coffee Shop Vibes 2","Study Beats",https://example.com/track/28,301000,["lofi"],["focus","chill"],CC-BY,https://images.unsplash.com/photo-1517487881594-2787fef5ebf7?w=500&h=500&fit=crop,YES
29,"Power Up 2","Energy Boost",https://example.com/track/29,194000,["electronic"],["energetic","workout"],CC-BY,https://images.unsplash.com/photo-1571019613454-1cb2f99b2d8b?w=500&h=500&fit=crop,YES
30,"Run Fast 2","Fitness Beats",https://example.com/track/30,318000,["electronic"],["energetic","workout"],CC-BY,https://images.unsplash.com/photo-1549060279-7e168fcee0c2?w=500&h=500&fit=crop,YES
31,"Electric Storm 2","Rock Legends",https://example.com/track/31,305000,["rock"],["energetic"],CC-BY,https://images.unsplash.com/photo-1493225457124-a3eb161ffa5f?w=500&h=500&fit=crop,YES
32,"Guitar Dreams 2","Indie Rockers",https://example.com/track/32,322000,["rock","indie"],["nostalgic"],CC-BY,https://images.unsplash.com/photo-1493225457124-a3eb161ffa5f?w=500&h=500&fit=crop,YES
33,"Digital Pulse 2","Synth Wave",https://example.com/track/33,266000,["electronic"],["energetic"],CC-BY,https://images.unsplash.com/photo-1516450360452-9312f5e86fc7?w=500&h=500&fit=crop,YES
34,"Neon Nights 2","EDM Collective",https://example.com/track/34,228000,["electronic","edm"],["energetic","dance"],CC-BY,https://images.unsplash.com/photo-1516450360452-9312f5e86fc7?w=500&h=500&fit=crop,YES
35,"Smooth Jazz 2","Jazz Quartet",https://example.com/track/35,259000,["jazz"],["chill","relaxed"],CC-BY,https://images.unsplash.com/photo-1493225457124-a3eb161ffa5f?w=500&h=500&fit=crop,YES
36,"Classical Elegance 2","Symphony Orchestra",https://example.com/track/36,299000,["classical"],["calm","peaceful"],CC-BY,https://images.unsplash.com/photo-1518837695005-2083093ee35b?w=500&h=500&fit=crop,YES
37,"Urban Flow 2","Hip Hop Masters",https://example.com/track/37,215000,["hip-hop"],["energetic"],CC-BY,https://images.unsplash.com/photo-1516450360452-9312f5e86fc7?w=500&h=500&fit=crop,YES
38,"Street Beats 2","Rap Collective",https://example.com/track/38,288000,["hip-hop","rap"],["energetic"],CC-BY,https://images.unsplash.com/photo-1516450360452-9312f5e86fc7?w=500&h=500&fit=crop,YES
39,"Acoustic Memories 2","Folk Stories",https://example.com/track/39,251000,["folk","acoustic"],["nostalgic","calm"],CC-BY,https://images.unsplash.com/photo-1517487881594-2787fef5ebf7?w=500&h=500&fit=crop,YES
40,"Campfire Songs 2","Acoustic Duo",https://example.com/track/40,271000,["folk"],["chill","relaxed"],CC-BY,https://images.unsplash.com/photo-1517487881594-2787fef5ebf7?w=500&h=500&fit=crop,YES
41,"Melancholy 2","Emotional Sounds",https://example.com/track/41,350000,["indie"],["sad","emotional"],CC-BY,https://images.unsplash.com/photo-1518837695005-2083093ee35b?w=500&h=500&fit=crop,YES
42,"Rainy Days 2","Sad Songs",https://example.com/track/42,330000,["acoustic"],["sad","melancholic"],CC-BY,https://images.unsplash.com/photo-1518837695005-2083093ee35b?w=500&h=500&fit=crop,YES
43,"Study Session 2","Focus Music",https://example.com/track/43,356000,["instrumental"],["focus","study"],CC-BY,https://images.unsplash.com/photo-1517487881594-2787fef5ebf7?w=500&h=500&fit=crop,YES
44,"Concentration 2","Study Beats",https://example.com/track/44,287000,["lofi"],["focus"],CC-BY,https://images.unsplash.com/photo-1517487881594-2787fef5ebf7?w=500&h=500&fit=crop,YES
45,"Sunshine Days 3","The Brights",https://example.com/track/45,220000,["pop"],["happy","upbeat"],CC-BY,https://images.unsplash.com/photo-1493225457124-a3eb161ffa5f?w=500&h=500&fit=crop,YES
46,"Dancing in the Rain 3","Joyful Sounds",https://example.com/track/46,316000,["electronic"],["happy","energetic"],CC-BY,https://images.unsplash.com/photo-1516450360452-9312f5e86fc7?w=500&h=500&fit=crop,YES
47,"Summer Vibes 3","Beach Waves",https://example.com/track/47,295000,["pop"],["happy","chill"],CC-BY,https://images.unsplash.com/photo-1507525428034-b723cf961d3e?w=500&h=500&fit=crop,YES
48,"Midnight Chill 3","LoFi Dreams",https://example.com/track/48,241000,["lofi"],["chill","relaxed"],CC-BY,https://images.unsplash.com/photo-1519682337058-a94d519337bc?w=500&h=500&fit=crop,YES
49,"Peaceful Moments 3","Ambient Space",https://example.com/track/49,358000,["ambient"],["relaxed","calm"],CC-BY,https://images.unsplash.com/photo-1518837695005-2083093ee35b?w=500&h=500&fit=crop,YES
50,"Coffee Shop Vibes 3","Study Beats",https://example.com/track/50,199000,["lofi"],["focus","chill"],CC-BY,https://images.unsplash.com/photo-1517487881594-2787fef5ebf7?w=500&h=500&fit=crop,YES
51,"Power Up 3","Energy Boost",https://example.com/track/51,200000,["electronic"],["energetic","workout"],CC-BY,https://images.unsplash.com/photo-1571019613454-1cb2f99b2d8b?w=500&h=500&fit=crop,YES
52,"Run Fast 3","Fitness Beats",https://example.com/track/52,246000,["electronic"],["energetic","workout"],CC-BY,https://images.unsplash.com/photo-1549060279-7e168fcee0c2?w=500&h=500&fit=crop,YES
53,"Electric Storm 3","Rock Legends",https://example.com/track/53,356000,["rock"],["energetic"],CC-BY,https://images.unsplash.com/photo-1493225457124-a3eb161ffa5f?w=500&h=500&fit=crop,YES
54,"Guitar Dreams 3","Indie Rockers",https://example.com/track/54,319000,["rock","indie"],["nostalgic"],CC-BY,https://images.unsplash.com/photo-1493225457124-a3eb161ffa5f?w=500&h=500&fit=crop,YES
55,"Digital Pulse 3","Synth Wave",https://example.com/track/55,280000,["electronic"],["energetic"],CC-BY,https://images.unsplash.com/photo-1516450360452-9312f5e86fc7?w=500&h=500&fit=crop,YES
56,"Neon Nights 3","EDM Collective",https://example.com/track/56,220000,["electronic","edm"],["energetic","dance"],CC-BY,https://images.unsplash.com/photo-1516450360452-9312f5e86fc7?w=500&h=500&fit=crop,YES
57,"Smooth Jazz 3","Jazz Quartet",https://example.com/track/57,232000,["jazz"],["chill","relaxed"],CC-BY,https://images.unsplash.com/photo-1493225457124-a3eb161ffa5f?w=500&h=500&fit=crop,YES
58,"Classical Elegance 3","Symphony Orchestra",https://example.com/track/58,280000,["classical"],["calm","peaceful"],CC-BY,https://images.unsplash.com/photo-1518837695005-2083093ee35b?w=500&h=500&fit=crop,YES
59,"Urban Flow 3","Hip Hop Masters",https://example.com/track/59,357000,["hip-hop"],["energetic"],CC-BY,https://images.unsplash.com/photo-1516450360452-9312f5e86fc7?w=500&h=500&fit=crop,YES
60,"Street Beats 3","Rap Collective",https://example.com/track/60,309000,["hip-hop","rap"],["energetic"],CC-BY,https://images.unsplash.com/photo-1516450360452-9312f5e86fc7?w=500&h=500&fit=crop,YES
61,"Acoustic Memories 3","Folk Stories",https://example.com/track/61,198000,["folk","acoustic"],["nostalgic","calm"],CC-BY,https://images.unsplash.com/photo-1517487881594-2787fef5ebf7?w=500&h=500&fit=crop,YES
62,"Campfire Songs 3","Acoustic Duo",https://example.com/track/62,257000,["folk"],["chill","relaxed"],CC-BY,https://images.unsplash.com/photo-1517487881594-2787fef5ebf7?w=500&h=500&fit=crop,YES
63,"Melancholy 3","Emotional Sounds",https://example.com/track/63,241000,["indie"],["sad","emotional"],CC-BY,https://images.unsplash.com/photo-1518837695005-2083093ee35b?w=500&h=500&fit=crop,YES
64,"Rainy Days 3","Sad Songs",https://example.com/track/64,277000,["acoustic"],["sad","melancholic"],CC-BY,https://images.unsplash.com/photo-1518837695005-2083093ee35b?w=500&h=500&fit=crop,YES
65,"Study Session 3","Focus Music",https://example.com/track/65,296000,["instrumental"],["focus","study"],CC-BY,https://images.unsplash.com/photo-1517487881594-2787fef5ebf7?w=500&h=500&fit=crop,YES
66,"Concentration 3","Study Beats",https://example.com/track/66,230000,["lofi"],["focus"],CC-BY,https://images.unsplash.com/photo-1517487881594-2787fef5ebf7?w=500&h=500&fit=crop,YES
67,"Sunshine Days 4","The Brights",https://example.com/track/67,308000,["pop"],["happy","upbeat"],CC-BY,https://images.unsplash.com/photo-1493225457124-a3eb161ffa5f?w=500&h=500&fit=crop,YES
68,"Dancing in the Rain 4","Joyful Sounds",https://example.com/track/68,291000,["electronic"],["happy","energetic"],CC-BY,https://images.unsplash.com/photo-1516450360452-9312f5e86fc7?w=500&h=500&fit=crop,YES
69,"Summer Vibes 4","Beach Waves",https://example.com/track/69,291000,["pop"],["happy","chill"],CC-BY,https://images.unsplash.com/photo-1507525428034-b723cf961d3e?w=500&h=500&fit=crop,YES
70,"Midnight Chill 4","LoFi Dreams",https://example.com/track/70,330000,["lofi"],["chill","relaxed"],CC-BY,https://images.unsplash.com/photo-1519682337058-a94d519337bc?w=500&h=500&fit=crop,YES
71,"Peaceful Moments 4","Ambient Space",https://example.com/track/71,241000,["ambient"],["relaxed","calm"],CC-BY,https://images.unsplash.com/photo-1518837695005-2083093ee35b?w=500&h=500&fit=crop,YES
72,"Coffee Shop Vibes 4","Study Beats",https://example.com/track/72,339000,["lofi"],["focus","chill"],CC-BY,https://images.unsplash.com/photo-1517487881594-2787fef5ebf7?w=500&h=500&fit=crop,YES
73,"Power Up 4","Energy Boost",https://example.com/track/73,227000,["electronic"],["energetic","workout"],CC-BY,https://images.unsplash.com/photo-1571019613454-1cb2f99b2d8b?w=500&h=500&fit=crop,YES
74,"Run Fast 4","Fitness Beats",https://example.com/track/74,237000,["electronic"],["energetic","workout"],CC-BY,https://images.unsplash.com/photo-1549060279-7e168fcee0c2?w=500&h=500&fit=crop,YES
75,"Electric Storm 4","Rock Legends",https://example.com/track/75,282000,["rock"],["energetic"],CC-BY,https://images.unsplash.com/photo-1493225457124-a3eb161ffa5f?w=500&h=500&fit=crop,YES
76,"Guitar Dreams 4","Indie Rockers",https://example.com/track/76,208000,["rock","indie"],["nostalgic"],CC-BY,https://images.unsplash.com/photo-1493225457124-a3eb161ffa5f?w=500&h=500&fit=crop,YES
77,"Digital Pulse 4","Synth Wave",https://example.com/track/77,228000,["electronic"],["energetic"],CC-BY,https://images.unsplash.com/photo-1516450360452-9312f5e86fc7?w=500&h=500&fit=crop,YES
78,"Neon Nights 4","EDM Collective",https://example.com/track/78,190000,["electronic","edm"],["energetic","dance"],CC-BY,https://images.unsplash.com/photo-1516450360452-9312f5e86fc7?w=500&h=500&fit=crop,YES
79,"Smooth Jazz 4","Jazz Quartet",https://example.com/track/79,194000,["jazz"],["chill","relaxed"],CC-BY,https://images.unsplash.com/photo-1493225457124-a3eb161ffa5f?w=500&h=500&fit=crop,YES
80,"Classical Elegance 4","Symphony Orchestra",https://example.com/track/80,254000,["classical"],["calm","peaceful"],CC-BY,https://images.unsplash.com/photo-1518837695005-2083093ee35b?w=500&h=500&fit=crop,YES
81,"Urban Flow 4","Hip Hop Masters",https://example.com/track/81,327000,["hip-hop"],["energetic"],CC-BY,https://images.unsplash.com/photo-1516450360452-9312f5e86fc7?w=500&h=500&fit=crop,YES
82,"Street Beats 4","Rap Collective",https://example.com/track/82,333000,["hip-hop","rap"],["energetic"],CC-BY,https://images.unsplash.com/photo-1516450360452-9312f5e86fc7?w=500&h=500&fit=crop,YES
83,"Acoustic Memories 4","Folk Stories",https://example.com/track/83,197000,["folk","acoustic"],["nostalgic","calm"],CC-BY,https://images.unsplash.com/photo-1517487881594-2787fef5ebf7?w=500&h=500&fit=crop,YES
84,"Campfire Songs 4","Acoustic Duo",https://example.com/track/84,218000,["folk"],["chill","relaxed"],CC-BY,https://images.unsplash.com/photo-1517487881594-2787fef5ebf7?w=500&h=500&fit=crop,YES
85,"Melancholy 4","Emotional Sounds",https://example.com/track/85,338000,["indie"],["sad","emotional"],CC-BY,https://images.unsplash.com/photo-1518837695005-2083093ee35b?w=500&h=500&fit=crop,YES
86,"Rainy Days 4","Sad Songs",https://example.com/track/86,330000,["acoustic"],["sad","melancholic"],CC-BY,https://images.unsplash.com/photo-1518837695005-2083093ee35b?w=500&h=500&fit=crop,YES
87,"Study Session 4","Focus Music",https://example.com/track/87,225000,["instrumental"],["focus","study"],CC-BY,https://images.unsplash.com/photo-1517487881594-2787fef5ebf7?w=500&h=500&fit=crop,YES
88,"Concentration 4","Study Beats",https://example.com/track/88,266000,["lofi"],["focus"],CC-BY,https://images.unsplash.com/photo-1517487881594-2787fef5ebf7?w=500&h=500&fit=crop,YES
89,"Sunshine Days 5","The Brights",https://example.com/track/89,268000,["pop"],["happy","upbeat"],CC-BY,https://images.unsplash.com/photo-1493225457124-a3eb161ffa5f?w=500&h=500&fit=crop,YES
90,"Dancing in the Rain 5","Joyful Sounds",https://example.com/track/90,203000,["electronic"],["happy","energetic"],CC-BY,https://images.unsplash.com/photo-1516450360452-9312f5e86fc7?w=500&h=500&fit=crop,YES
91,"Summer Vibes 5","Beach Waves",https://example.com/track/91,238000,["pop"],["happy","chill"],CC-BY,https://images.unsplash.com/photo-1507525428034-b723cf961d3e?w=500&h=500&fit=crop,YES
92,"Midnight Chill 5","LoFi Dreams",https://example.com/track/92,341000,["lofi"],["chill","relaxed"],CC-BY,https://images.unsplash.com/photo-1519682337058-a94d519337bc?w=500&h=500&fit=crop,YES
93,"Peaceful Moments 5","Ambient Space",https://example.com/track/93,345000,["ambient"],["relaxed","calm"],CC-BY,https://images.unsplash.com/photo-1518837695005-2083093ee35b?w=500&h=500&fit=crop,YES
94,"Coffee Shop Vibes 5","Study Beats",https://example.com/track/94,183000,["lofi"],["focus","chill"],CC-BY,https://images.unsplash.com/photo-1517487881594-2787fef5ebf7?w=500&h=500&fit=crop,YES
95,"Power Up 5","Energy Boost",https://example.com/track/95,320000,["electronic"],["energetic","workout"],CC-BY,https://images.unsplash.com/photo-1571019613454-1cb2f99b2d8b?w=500&h=500&fit=crop,YES
96,"Run Fast 5","Fitness Beats",https://example.com/track/96,181000,["electronic"],["energetic","workout"],CC-BY,https://images.unsplash.com/photo-1549060279-7e168fcee0c2?w=500&h=500&fit=crop,YES
97,"Electric Storm 5","Rock Legends",https://example.com/track/97,335000,["rock"],["energetic"],CC-BY,https://images.unsplash.com/photo-1493225457124-a3eb161ffa5f?w=500&h=500&fit=crop,YES
98,"Guitar Dreams 5","Indie Rockers",https://example.com/track/98,227000,["rock","indie"],["nostalgic"],CC-BY,https://images.unsplash.com/photo-1493225457124-a3eb161ffa5f?w=500&h=500&fit=crop,YES
99,"Digital Pulse 5","Synth Wave",https://example.com/track/99,239000,["electronic"],["energetic"],CC-BY,https://images.unsplash.com/photo-1516450360452-9312f5e86fc7?w=500&h=500&fit=crop,YES
100,"Neon Nights 5","EDM Collective",https://example.com/track/100,238000,["electronic","edm"],["energetic","dance"],CC-BY,https://images.unsplash.com/photo-1516450360452-9312f5e86fc7?w=500&h=500&fit=crop,YES
101,"Smooth Jazz 5","Jazz Quartet",https://example.com/track/101,356000,["jazz"],["chill","relaxed"],CC-BY,https://images.unsplash.com/photo-1493225457124-a3eb161ffa5f?w=500&h=500&fit=crop,YES
102,"Classical Elegance 5","Symphony Orchestra",https://example.com/track/102,286000,["classical"],["calm","peaceful"],CC-BY,https://images.unsplash.com/photo-1518837695005-2083093ee35b?w=500&h=500&fit=crop,YES
103,"Urban Flow 5","Hip Hop Masters",https://example.com/track/103,273000,["hip-hop"],["energetic"],CC-BY,https://images.unsplash.com/photo-1516450360452-9312f5e86fc7?w=500&h=500&fit=crop,YES
104,"Street Beats 5","Rap Collective",https://example.com/track/104,250000,["hip-hop","rap"],["energetic"],CC-BY,https://images.unsplash.com/photo-1516450360452-9312f5e86fc7?w=500&h=500&fit=crop,YES
105,"Acoustic Memories 5","Folk Stories",https://example.com/track/105,253000,["folk","acoustic"],["nostalgic","calm"],CC-BY,https://images.unsplash.com/photo-1517487881594-2787fef5ebf7?w=500&h=500&fit=crop,YES
106,"Campfire Songs 5","Acoustic Duo",https://example.com/track/106,230000,["folk"],["chill","relaxed"],CC-BY,https://images.unsplash.com/photo-1517487881594-2787fef5ebf7?w=500&h=500&fit=crop,YES
107,"Melancholy 5","Emotional Sounds",https://example.com/track/107,275000,["indie"],["sad","emotional"],CC-BY,https://images.unsplash.com/photo-1518837695005-2083093ee35b?w=500&h=500&fit=crop,YES
108,"Rainy Days 5","Sad Songs",https://example.com/track/108,289000,["acoustic"],["sad","melancholic"],CC-BY,https://images.unsplash.com/photo-1518837695005-2083093ee35b?w=500&h=500&fit=crop,YES
109,"Study Session 5","Focus Music",https://example.com/track/109,304000,["instrumental"],["focus","study"],CC-BY,https://images.unsplash.com/photo-1517487881594-2787fef5ebf7?w=500&h=500&fit=crop,YES
110,"Concentration 5","Study Beats",https://example.com/track/110,189000,["lofi"],["focus"],CC-BY,https://images.unsplash.com/photo-1517487881594-2787fef5ebf7?w=500&h=500&fit=crop,YES
111,"Sunshine Days 6","The Brights",https://example.com/track/111,351000,["pop"],["happy","upbeat"],CC-BY,https://images.unsplash.com/photo-1493225457124-a3eb161ffa5f?w=500&h=500&fit=crop,YES
112,"Dancing in the Rain 6","Joyful Sounds",https://example.com/track/112,221000,["electronic"],["happy","energetic"],CC-BY,https://images.unsplash.com/photo-1516450360452-9312f5e86fc7?w=500&h=500&fit=crop,YES
113,"Summer Vibes 6","Beach Waves",https://example.com/track/113,224000,["pop"],["happy","chill"],CC-BY,https://images.unsplash.com/photo-1507525428034-b723cf961d3e?w=500&h=500&fit=crop,YES
114,"Midnight Chill 6","LoFi Dreams",https://example.com/track/114,202000,["lofi"],["chill","relaxed"],CC-BY,https://images.unsplash.com/photo-1519682337058-a94d519337bc?w=500&h=500&fit=crop,YES
115,"Peaceful Moments 6","Ambient Space",https://example.com/track/115,250000,["ambient"],["relaxed","calm"],CC-BY,https://images.unsplash.com/photo-1518837695005-2083093ee35b?w=500&h=500&fit=crop,YES
116,"Coffee Shop Vibes 6","Study Beats",https://example.com/track/116,316000,["lofi"],["focus","chill"],CC-BY,https://images.unsplash.com/photo-1517487881594-2787fef5ebf7?w=500&h=500&fit=crop,YES
117,"Power Up 6","Energy Boost",https://example.com/track/117,337000,["electronic"],["energetic","workout"],CC-BY,https://images.unsplash.com/photo-1571019613454-1cb2f99b2d8b?w=500&h=500&fit=crop,YES
118,"Run Fast 6","Fitness Beats",https://example.com/track/118,308000,["electronic"],["energetic","workout"],CC-BY,https://images.unsplash.com/photo-1549060279-7e168fcee0c2?w=500&h=500&fit=crop,YES
119,"Electric Storm 6","Rock Legends",https://example.com/track/119,288000,["rock"],["energetic"],CC-BY,https://images.unsplash.com/photo-1493225457124-a3eb161ffa5f?w=500&h=500&fit=crop,YES
120,"Guitar Dreams 6","Indie Rockers",https://example.com/track/120,237000,["rock","indie"],["nostalgic"],CC-BY,https://images.unsplash.com/photo-1493225457124-a3eb161ffa5f?w=500&h=500&fit=crop,YES
121,"Digital Pulse 6","Synth Wave",https://example.com/track/121,300000,["electronic"],["energetic"],CC-BY,https://images.unsplash.com/photo-1516450360452-9312f5e86fc7?w=500&h=500&fit=crop,YES
122,"Neon Nights 6","EDM Collective",https://example.com/track/122,353000,["electronic","edm"],["energetic","dance"],CC-BY,https://images.unsplash.com/photo-1516450360452-9312f5e86fc7?w=500&h=500&fit=crop,YES
123,"Smooth Jazz 6","Jazz Quartet",https://example.com/track/123,354000,["jazz"],["chill","relaxed"],CC-BY,https://images.unsplash.com/photo-1493225457124-a3eb161ffa5f?w=500&h=500&fit=crop,YES
124,"Classical Elegance 6","Symphony Orchestra",https://example.com/track/124,310000,["classical"],["calm","peaceful"],CC-BY,https://images.unsplash.com/photo-1518837695005-2083093ee35b?w=500&h=500&fit=crop,YES
125,"Urban Flow 6","Hip Hop Masters",https://example.com/track/125,183000,["hip-hop"],["energetic"],CC-BY,https://images.unsplash.com/photo-1516450360452-9312f5e86fc7?w=500&h=500&fit=crop,YES
126,"Street Beats 6","Rap Collective",https://example.com/track/126,187000,["hip-hop","rap"],["energetic"],CC-BY,https://images.unsplash.com/photo-1516450360452-9312f5e86fc7?w=500&h=500&fit=crop,YES
127,"Acoustic Memories 6","Folk Stories",https://example.com/track/127,209000,["folk","acoustic"],["nostalgic","calm"],CC-BY,https://images.unsplash.com/photo-1517487881594-2787fef5ebf7?w=500&h=500&fit=crop,YES
128,"Campfire Songs 6","Acoustic Duo",https://example.com/track/128,232000,["folk"],["chill","relaxed"],CC-BY,https://images.unsplash.com/photo-1517487881594-2787fef5ebf7?w=500&h=500&fit=crop,YES
129,"Melancholy 6","Emotional Sounds",https://example.com/track/129,213000,["indie"],["sad","emotional"],CC-BY,https://images.unsplash.com/photo-1518837695005-2083093ee35b?w=500&h=500&fit=crop,YES
130,"Rainy Days 6","Sad Songs",https://example.com/track/130,357000,["acoustic"],["sad","melancholic"],CC-BY,https://images.unsplash.com/photo-1518837695005-2083093ee35b?w=500&h=500&fit=crop,YES
131,"Study Session 6","Focus Music",https://example.com/track/131,231000,["instrumental"],["focus","study"],CC-BY,https://images.unsplash.com/photo-1517487881594-2787fef5ebf7?w=500&h=500&fit=crop,YES
132,"Concentration 6","Study Beats",https://example.com/track/132,248000,["lofi"],["focus"],CC-BY,https://images.unsplash.com/photo-1517487881594-2787fef5ebf7?w=500&h=500&fit=crop,YES
133,"Sunshine Days 7","The Brights",https://example.com/track/133,341000,["pop"],["happy","upbeat"],CC-BY,https://images.unsplash.com/photo-1493225457124-a3eb161ffa5f?w=500&h=500&fit=crop,YES
134,"Dancing in the Rain 7","Joyful Sounds",https://example.com/track/134,319000,["electronic"],["happy","energetic"],CC-BY,https://images.unsplash.com/photo-1516450360452-9312f5e86fc7?w=500&h=500&fit=crop,YES
135,"Summer Vibes 7","Beach Waves",https://example.com/track/135,314000,["pop"],["happy","chill"],CC-BY,https://images.unsplash.com/photo-1507525428034-b723cf961d3e?w=500&h=500&fit=crop,YES
136,"Midnight Chill 7","LoFi Dreams",https://example.com/track/136,201000,["lofi"],["chill","relaxed"],CC-BY,https://images.unsplash.com/photo-1519682337058-a94d519337bc?w=500&h=500&fit=crop,YES
137,"Peaceful Moments 7","Ambient Space",https://example.com/track/137,202000,["ambient"],["relaxed","calm"],CC-BY,https://images.unsplash.com/photo-1518837695005-2083093ee35b?w=500&h=500&fit=crop,YES
138,"Coffee Shop Vibes 7","Study Beats",https://example.com/track/138,232000,["lofi"],["focus","chill"],CC-BY,https://images.unsplash.com/photo-1517487881594-2787fef5ebf7?w=500&h=500&fit=crop,YES
139,"Power Up 7","Energy Boost",https://example.com/track/139,260000,["electronic"],["energetic","workout"],CC-BY,https://images.unsplash.com/photo-1571019613454-1cb2f99b2d8b?w=500&h=500&fit=crop,YES
140,"Run Fast 7","Fitness Beats",https://example.com/track/140,220000,["electronic"],["energetic","workout"],CC-BY,https://images.unsplash.com/photo-1549060279-7e168fcee0c2?w=500&h=500&fit=crop,YES
141,"Electric Storm 7","Rock Legends",https://example.com/track/141,306000,["rock"],["energetic"],CC-BY,https://images.unsplash.com/photo-1493225457124-a3eb161ffa5f?w=500&h=500&fit=crop,YES
142,"Guitar Dreams 7","Indie Rockers",https://example.com/track/142,355000,["rock","indie"],["nostalgic"],CC-BY,https://images.unsplash.com/photo-1493225457124-a3eb161ffa5f?w=500&h=500&fit=crop,YES
143,"Digital Pulse 7","Synth Wave",https://example.com/track/143,335000,["electronic"],["energetic"],CC-BY,https://images.unsplash.com/photo-1516450360452-9312f5e86fc7?w=500&h=500&fit=crop,YES
144,"Neon Nights 7","EDM Collective",https://example.com/track/144,232000,["electronic","edm"],["energetic","dance"],CC-BY,https://images.unsplash.com/photo-1516450360452-9312f5e86fc7?w=500&h=500&fit=crop,YES
145,"Smooth Jazz 7","Jazz Quartet",https://example.com/track/145,262000,["jazz"],["chill","relaxed"],CC-BY,https://images.unsplash.com/photo-1493225457124-a3eb161ffa5f?w=500&h=500&fit=crop,YES
146,"Classical Elegance 7","Symphony Orchestra",https://example.com/track/146,260000,["classical"],["calm","peaceful"],CC-BY,https://images.unsplash.com/photo-1518837695005-2083093ee35b?w=500&h=500&fit=crop,YES
147,"Urban Flow 7","Hip Hop Masters",https://example.com/track/147,220000,["hip-hop"],["energetic"],CC-BY,https://images.unsplash.com/photo-1516450360452-9312f5e86fc7?w=500&h=500&fit=crop,YES
148,"Street Beats 7","Rap Collective",https://example.com/track/148,182000,["hip-hop","rap"],["energetic"],CC-BY,https://images.unsplash.com/photo-1516450360452-9312f5e86fc7?w=500&h=500&fit=crop,YES
149,"Acoustic Memories 7","Folk Stories",https://example.com/track/149,312000,["folk","acoustic"],["nostalgic","calm"],CC-BY,https://images.unsplash.com/photo-1517487881594-2787fef5ebf7?w=500&h=500&fit=crop,YES
150,"Campfire Songs 7","Acoustic Duo",https://example.com/track/150,338000,["folk"],["chill","relaxed"],CC-BY,https://images.unsplash.com/photo-1517487881594-2787fef5ebf7?w=500&h=500&fit=crop,YES
151,"Melancholy 7","Emotional Sounds",https://example.com/track/151,209000,["indie"],["sad","emotional"],CC-BY,https://images.unsplash.com/photo-1518837695005-2083093ee35b?w=500&h=500&fit=crop,YES
152,"Rainy Days 7","Sad Songs",https://example.com/track/152,268000,["acoustic"],["sad","melancholic"],CC-BY,https://images.unsplash.com/photo-1518837695005-2083093ee35b?w=500&h=500&fit=crop,YES
153,"Study Session 7","Focus Music",https://example.com/track/153,239000,["instrumental"],["focus","study"],CC-BY,https://images.unsplash.com/photo-1517487881594-2787fef5ebf7?w=500&h=500&fit=crop,YES
154,"Concentration 7","Study Beats",https://example.com/track/154,278000,["lofi"],["focus"],CC-BY,https://images.unsplash.com/photo-1517487881594-2787fef5ebf7?w=500&h=500&fit=crop,YES
155,"Sunshine Days 8","The Brights",https://example.com/track/155,306000,["pop"],["happy","upbeat"],CC-BY,https://images.unsplash.com/photo-1493225457124-a3eb161ffa5f?w=500&h=500&fit=crop,YES
156,"Dancing in the Rain 8","Joyful Sounds",https://example.com/track/156,321000,["electronic"],["happy","energetic"],CC-BY,https://images.unsplash.com/photo-1516450360452-9312f5e86fc7?w=500&h=500&fit=crop,YES
157,"Summer Vibes 8","Beach Waves",https://example.com/track/157,287000,["pop"],["happy","chill"],CC-BY,https://images.unsplash.com/photo-1507525428034-b723cf961d3e?w=500&h=500&fit=crop,YES
158,"Midnight Chill 8","LoFi Dreams",https://example.com/track/158,285000,["lofi"],["chill","relaxed"],CC-BY,https://images.unsplash.com/photo-1519682337058-a94d519337bc?w=500&h=500&fit=crop,YES
159,"Peaceful Moments 8","Ambient Space",https://example.com/track/159,240000,["ambient"],["relaxed","calm"],CC-BY,https://images.unsplash.com/photo-1518837695005-2083093ee35b?w=500&h=500&fit=crop,YES
160,"Coffee Shop Vibes 8","Study Beats",https://example.com/track/160,297000,["lofi"],["focus","chill"],CC-BY,https://images.unsplash.com/photo-1517487881594-2787fef5ebf7?w=500&h=500&fit=crop,YES
161,"Power Up 8","Energy Boost",https://example.com/track/161,192000,["electronic"],["energetic","workout"],CC-BY,https://images.unsplash.com/photo-1571019613454-1cb2f99b2d8b?w=500&h=500&fit=crop,YES
162,"Run Fast 8","Fitness Beats",https://example.com/track/162,193000,["electronic"],["energetic","workout"],CC-BY,https://images.unsplash.com/photo-1549060279-7e168fcee0c2?w=500&h=500&fit=crop,YES
163,"Electric Storm 8","Rock Legends",https://example.com/track/163,286000,["rock"],["energetic"],CC-BY,https://images.unsplash.com/photo-1493225457124-a3eb161ffa5f?w=500&h=500&fit=crop,YES
164,"Guitar Dreams 8","Indie Rockers",https://example.com/track/164,294000,["rock","indie"],["nostalgic"],CC-BY,https://images.unsplash.com/photo-1493225457124-a3eb161ffa5f?w=500&h=500&fit=crop,YES
165,"Digital Pulse 8","Synth Wave",https://example.com/track/165,260000,["electronic"],["energetic"],CC-BY,https://images.unsplash.com/photo-1516450360452-9312f5e86fc7?w=500&h=500&fit=crop,YES
166,"Neon Nights 8","EDM Collective",https://example.com/track/166,271000,["electronic","edm"],["energetic","dance"],CC-BY,https://images.unsplash.com/photo-1516450360452-9312f5e86fc7?w=500&h=500&fit=crop,YES
167,"Smooth Jazz 8","Jazz Quartet",https://example.com/track/167,312000,["jazz"],["chill","relaxed"],CC-BY,https://images.unsplash.com/photo-1493225457124-a3eb161ffa5f?w=500&h=500&fit=crop,YES
168,"Classical Elegance 8","Symphony Orchestra",https://example.com/track/168,180000,["classical"],["calm","peaceful"],CC-BY,https://images.unsplash.com/photo-1518837695005-2083093ee35b?w=500&h=500&fit=crop,YES
169,"Urban Flow 8","Hip Hop Masters",https://example.com/track/169,229000,["hip-hop"],["energetic"],CC-BY,https://images.unsplash.com/photo-1516450360452-9312f5e86fc7?w=500&h=500&fit=crop,YES
170,"Street Beats 8","Rap Collective",https://example.com/track/170,225000,["hip-hop","rap"],["energetic"],CC-BY,https://images.unsplash.com/photo-1516450360452-9312f5e86fc7?w=500&h=500&fit=crop,YES
171,"Acoustic Memories 8","Folk Stories",https://example.com/track/171,235000,["folk","acoustic"],["nostalgic","calm"],CC-BY,https://images.unsplash.com/photo-1517487881594-2787fef5ebf7?w=500&h=500&fit=crop,YES
172,"Campfire Songs 8","Acoustic Duo",https://example.com/track/172,316000,["folk"],["chill","relaxed"],CC-BY,https://images.unsplash.com/photo-1517487881594-2787fef5ebf7?w=500&h=500&fit=crop,YES
173,"Melancholy 8","Emotional Sounds",https://example.com/track/173,304000,["indie"],["sad","emotional"],CC-BY,https://images.unsplash.com/photo-1518837695005-2083093ee35b?w=500&h=500&fit=crop,YES
174,"Rainy Days 8","Sad Songs",https://example.com/track/174,239000,["acoustic"],["sad","melancholic"],CC-BY,https://images.unsplash.com/photo-1518837695005-2083093ee35b?w=500&h=500&fit=crop,YES
175,"Study Session 8","Focus Music",https://example.com/track/175,352000,["instrumental"],["focus","study"],CC-BY,https://images.unsplash.com/photo-1517487881594-2787fef5ebf7?w=500&h=500&fit=crop,YES
176,"Concentration 8","Study Beats",https://example.com/track/176,198000,["lofi"],["focus"],CC-BY,https://images.unsplash.com/photo-1517487881594-2787fef5ebf7?w=500&h=500&fit=crop,YES
177,"Sunshine Days 9","The Brights",https://example.com/track/177,235000,["pop"],["happy","upbeat"],CC-BY,https://images.unsplash.com/photo-1493225457124-a3eb161ffa5f?w=500&h=500&fit=crop,YES
178,"Dancing in the Rain 9","Joyful Sounds",https://example.com/track/178,220000,["electronic"],["happy","energetic"],CC-BY,https://images.unsplash.com/photo-1516450360452-9312f5e86fc7?w=500&h=500&fit=crop,YES
179,"Summer Vibes 9","Beach Waves",https://example.com/track/179,310000,["pop"],["happy","chill"],CC-BY,https://images.unsplash.com/photo-1507525428034-b723cf961d3e?w=500&h=500&fit=crop,YES
180,"Midnight Chill 9","LoFi Dreams",https://example.com/track/180,283000,["lofi"],["chill","relaxed"],CC-BY,https://images.unsplash.com/photo-1519682337058-a94d519337bc?w=500&h=500&fit=crop,YES
181,"Peaceful Moments 9","Ambient Space",https://example.com/track/181,273000,["ambient"],["relaxed","calm"],CC-BY,https://images.unsplash.com/photo-1518837695005-2083093ee35b?w=500&h=500&fit=crop,YES
182,"Coffee Shop Vibes 9","Study Beats",https://example.com/track/182,212000,["lofi"],["focus","chill"],CC-BY,https://images.unsplash.com/photo-1517487881594-2787fef5ebf7?w=500&h=500&fit=crop,YES
183,"Power Up 9","Energy Boost",https://example.com/track/183,337000,["electronic"],["energetic","workout"],CC-BY,https://images.unsplash.com/photo-1571019613454-1cb2f99b2d8b?w=500&h=500&fit=crop,YES
184,"Run Fast 9","Fitness Beats",https://example.com/track/184,338000,["electronic"],["energetic","workout"],CC-BY,https://images.unsplash.com/photo-1549060279-7e168fcee0c2?w=500&h=500&fit=crop,YES
185,"Electric Storm 9","Rock Legends",https://example.com/track/185,342000,["rock"],["energetic"],CC-BY,https://images.unsplash.com/photo-1493225457124-a3eb161ffa5f?w=500&h=500&fit=crop,YES
186,"Guitar Dreams 9","Indie Rockers",https://example.com/track/186,340000,["rock","indie"],["nostalgic"],CC-BY,https://images.unsplash.com/photo-1493225457124-a3eb161ffa5f?w=500&h=500&fit=crop,YES
187,"Digital Pulse 9","Synth Wave",https://example.com/track/187,295000,["electronic"],["energetic"],CC-BY,https://images.unsplash.com/photo-1516450360452-9312f5e86fc7?w=500&h=500&fit=crop,YES
188,"Neon Nights 9","EDM Collective",https://example.com/track/188,280000,["electronic","edm"],["energetic","dance"],CC-BY,https://images.unsplash.com/photo-1516450360452-9312f5e86fc7?w=500&h=500&fit=crop,YES
189,"Smooth Jazz 9","Jazz Quartet",https://example.com/track/189,243000,["jazz"],["chill","relaxed"],CC-BY,https://images.unsplash.com/photo-1493225457124-a3eb161ffa5f?w=500&h=500&fit=crop,YES
190,"Classical Elegance 9","Symphony Orchestra",https://example.com/track/190,354000,["classical"],["calm","peaceful"],CC-BY,https://images.unsplash.com/photo-1518837695005-2083093ee35b?w=500&h=500&fit=crop,YES
191,"Urban Flow 9","Hip Hop Masters",https://example.com/track/191,269000,["hip-hop"],["energetic"],CC-BY,https://images.unsplash.com/photo-1516450360452-9312f5e86fc7?w=500&h=500&fit=crop,YES
192,"Street Beats 9","Rap Collective",https://example.com/track/192,284000,["hip-hop","rap"],["energetic"],CC-BY,https://images.unsplash.com/photo-1516450360452-9312f5e86fc7?w=500&h=500&fit=crop,YES
193,"Acoustic Memories 9","Folk Stories",https://example.com/track/193,294000,["folk","acoustic"],["nostalgic","calm"],CC-BY,https://images.unsplash.com/photo-1517487881594-2787fef5ebf7?w=500&h=500&fit=crop,YES
194,"Campfire Songs 9","Acoustic Duo",https://example.com/track/194,205000,["folk"],["chill","relaxed"],CC-BY,https://images.unsplash.com/photo-1517487881594-2787fef5ebf7?w=500&h=500&fit=crop,YES
195,"Melancholy 9","Emotional Sounds",https://example.com/track/195,187000,["indie"],["sad","emotional"],CC-BY,https://images.unsplash.com/photo-1518837695005-2083093ee35b?w=500&h=500&fit=crop,YES
196,"Rainy Days 9","Sad Songs",https://example.com/track/196,322000,["acoustic"],["sad","melancholic"],CC-BY,https://images.unsplash.com/photo-1518837695005-2083093ee35b?w=500&h=500&fit=crop,YES
197,"Study Session 9","Focus Music",https://example.com/track/197,237000,["instrumental"],["focus","study"],CC-BY,https://images.unsplash.com/photo-1517487881594-2787fef5ebf7?w=500&h=500&fit=crop,YES
198,"Concentration 9","Study Beats",https://example.com/track/198,210000,["lofi"],["focus"],CC-BY,https://images.unsplash.com/photo-1517487881594-2787fef5ebf7?w=500&h=500&fit=crop,YES
199,"Sunshine Days 10","The Brights",https://example.com/track/199,230000,["pop"],["happy","upbeat"],CC-BY,https://images.unsplash.com/photo-1493225457124-a3eb161ffa5f?w=500&h=500&fit=crop,YES
200,"Dancing in the Rain 10","Joyful Sounds",https://example.com/track/200,284000,["electronic"],["happy","energetic"],CC-BY,https://images.unsplash.com/photo-1516450360452-9312f5e86fc7?w=500&h=500&fit=crop,YES